exp.name	strain	spore.strain	spore.species	dose	spores	fixing.date	slide	file	worm.number	area	percent.infected	area.infected	timepoint
N2-LUAm1-1.8	N2	LUAm1	N.ferruginous	pulse-72H	1.8	rep1	1	N2.LUAm1.rep1	1	49838.02	18.53	9234.985106	72hpi
N2-LUAm1-1.8	N2	LUAm1	N.ferruginous	pulse-72H	1.8	rep1	1	N2.LUAm1.rep1	2	50425.04	0	0	72hpi
N2-LUAm1-1.8	N2	LUAm1	N.ferruginous	pulse-72H	1.8	rep1	1	N2.LUAm1.rep1	3	45532.67	31.16	14187.97997	72hpi
N2-LUAm1-1.8	N2	LUAm1	N.ferruginous	pulse-72H	1.8	rep1	1	N2.LUAm1.rep1	4	46458.55	3.88	1802.59174	72hpi
N2-LUAm1-1.8	N2	LUAm1	N.ferruginous	pulse-72H	1.8	rep1	1	N2.LUAm1.rep1	5	49214.73	0	0	72hpi
N2-LUAm1-1.8	N2	LUAm1	N.ferruginous	pulse-72H	1.8	rep1	1	N2.LUAm1.rep1	6	39732.57	23.54	9353.046978	72hpi
N2-LUAm1-1.8	N2	LUAm1	N.ferruginous	pulse-72H	1.8	rep1	1	N2.LUAm1.rep1	7	46445.35	1.65	766.348275	72hpi
N2-LUAm1-1.8	N2	LUAm1	N.ferruginous	pulse-72H	1.8	rep1	1	N2.LUAm1.rep1	8	37570	0	0	72hpi
N2-LUAm1-1.8	N2	LUAm1	N.ferruginous	pulse-72H	1.8	rep1	1	N2.LUAm1.rep1	9	47835.4	8.6	4113.8444	72hpi
N2-LUAm1-1.8	N2	LUAm1	N.ferruginous	pulse-72H	1.8	rep1	1	N2.LUAm1.rep1	10	48308.64	18.57	8970.914448	72hpi
N2-LUAm1-1.8	N2	LUAm1	N.ferruginous	pulse-72H	1.8	rep1	1	N2.LUAm1.rep1	11	45018.21	2.61	1174.975281	72hpi
N2-LUAm1-1.8	N2	LUAm1	N.ferruginous	pulse-72H	1.8	rep1	1	N2.LUAm1.rep1	12	48314.41	6.17	2980.999097	72hpi
N2-LUAm1-1.8	N2	LUAm1	N.ferruginous	pulse-72H	1.8	rep1	1	N2.LUAm1.rep1	13	42274.39	0	0	72hpi
N2-LUAm1-1.8	N2	LUAm1	N.ferruginous	pulse-72H	1.8	rep1	1	N2.LUAm1.rep1	14	46192.24	11.75	5427.5882	72hpi
N2-LUAm1-1.8	N2	LUAm1	N.ferruginous	pulse-72H	1.8	rep1	1	N2.LUAm1.rep1	15	47841.17	24.6	11768.92782	72hpi
N2-LUAm1-1.8	N2	LUAm1	N.ferruginous	pulse-72H	1.8	rep1	1	N2.LUAm1.rep1	16	54775.74	12.64	6923.653536	72hpi
N2-LUAm1-1.8	N2	LUAm1	N.ferruginous	pulse-72H	1.8	rep1	1	N2.LUAm1.rep1	17	49907.28	7.39	3688.147992	72hpi
N2-LUAm1-1.8	N2	LUAm1	N.ferruginous	pulse-72H	1.8	rep1	1	N2.LUAm1.rep1	18	51371.53	12.13	6231.366589	72hpi
N2-LUAm1-1.8	N2	LUAm1	N.ferruginous	pulse-72H	1.8	rep1	1	N2.LUAm1.rep1	19	46004.27	6.83	3142.091641	72hpi
N2-LUAm1-1.8	N2	LUAm1	N.ferruginous	pulse-72H	1.8	rep1	1	N2.LUAm1.rep1	20	56162.49	6.35	3566.318115	72hpi
N2-LUAm1-1.8	N2	LUAm1	N.ferruginous	pulse-72H	1.8	rep1	1	N2.LUAm1.rep1	21	36877.45	1.44	531.03528	72hpi
N2-LUAm1-1.8	N2	LUAm1	N.ferruginous	pulse-72H	1.8	rep1	1	N2.LUAm1.rep1	22	61289	0	0	72hpi
N2-LUAm1-1.8	N2	LUAm1	N.ferruginous	pulse-72H	1.8	rep1	1	N2.LUAm1.rep1	23	53928.19	4.29	2313.519351	72hpi
N2-LUAm1-1.8	N2	LUAm1	N.ferruginous	pulse-72H	1.8	rep1	1	N2.LUAm1.rep1	24	55403.16	5.53	3063.794748	72hpi
N2-LUAm1-1.8	N2	LUAm1	N.ferruginous	pulse-72H	1.8	rep1	1	N2.LUAm1.rep1	25	42755.05	3.33	1423.743165	72hpi
N2-LUAm1-1.8	N2	LUAm1	N.ferruginous	pulse-72H	1.8	rep1	1	N2.LUAm1.rep1	26	49786.91	8.29	4127.334839	72hpi
N2-LUAm1-1.8	N2	LUAm1	N.ferruginous	pulse-72H	1.8	rep1	1	N2.LUAm1.rep1	27	42260.38	0	0	72hpi
N2-LUAm1-1.8	N2	LUAm1	N.ferruginous	pulse-72H	1.8	rep1	1	N2.LUAm1.rep1	28	43788.93	5.5	2408.39115	72hpi
N2-LUAm1-1.8	N2	LUAm1	N.ferruginous	pulse-72H	1.8	rep1	1	N2.LUAm1.rep1	29	66987.7	0	0	72hpi
N2-LUAm1-1.8	N2	LUAm1	N.ferruginous	pulse-72H	1.8	rep1	1	N2.LUAm1.rep1	30	48613.7	12.3	5979.4851	72hpi
N2-LUAm1-1.8	N2	LUAm1	N.ferruginous	pulse-72H	1.8	rep1	1	N2.LUAm1.rep1	31	64561.3	5.04	3253.88952	72hpi
N2-LUAm1-1.8	N2	LUAm1	N.ferruginous	pulse-72H	1.8	rep1	1	N2.LUAm1.rep1	32	61471.21	14.49	8907.178329	72hpi
N2-LUAm1-1.8	N2	LUAm1	N.ferruginous	pulse-72H	1.8	rep1	1	N2.LUAm1.rep1	33	51706.26	7.4	3826.26324	72hpi
N2-LUAm1-1.8	N2	LUAm1	N.ferruginous	pulse-72H	1.8	rep1	1	N2.LUAm1.rep1	34	50740.81	0	0	72hpi
N2-LUAm1-1.8	N2	LUAm1	N.ferruginous	pulse-72H	1.8	rep1	1	N2.LUAm1.rep1	35	49611.3	4.89	2425.99257	72hpi
N2-LUAm1-1.8	N2	LUAm1	N.ferruginous	pulse-72H	1.8	rep1	1	N2.LUAm1.rep1	36	51585.06	11.57	5968.391442	72hpi
N2-LUAm1-1.8	N2	LUAm1	N.ferruginous	pulse-72H	1.8	rep1	1	N2.LUAm1.rep1	37	61552.83	3.54	2178.970182	72hpi
N2-LUAm1-1.8	N2	LUAm1	N.ferruginous	pulse-72H	1.8	rep1	1	N2.LUAm1.rep1	38	56200.41	5.74	3225.903534	72hpi
N2-LUAm1-1.8	N2	LUAm1	N.ferruginous	pulse-72H	1.8	rep1	1	N2.LUAm1.rep1	39	40576.82	0	0	72hpi
N2-LUAm1-1.8	N2	LUAm1	N.ferruginous	pulse-72H	1.8	rep1	1	N2.LUAm1.rep1	40	42748.46	0	0	72hpi
N2-LUAm1-1.8	N2	LUAm1	N.ferruginous	pulse-72H	1.8	rep1	1	N2.LUAm1.rep1	41	56930.06	10.33	5880.875198	72hpi
JU1400-LUAm1-1.8	JU1400	LUAm1	N.ferruginous	pulse-72H	1.8	rep1	1	JU1400.LUAm1.rep1	1	45357.89	7.8	3537.91542	72hpi
JU1400-LUAm1-1.8	JU1400	LUAm1	N.ferruginous	pulse-72H	1.8	rep1	1	JU1400.LUAm1.rep1	2	52311.42	11.11	5811.798762	72hpi
JU1400-LUAm1-1.8	JU1400	LUAm1	N.ferruginous	pulse-72H	1.8	rep1	1	JU1400.LUAm1.rep1	3	46403.31	0	0	72hpi
JU1400-LUAm1-1.8	JU1400	LUAm1	N.ferruginous	pulse-72H	1.8	rep1	1	JU1400.LUAm1.rep1	4	41027.8	21.74	8919.44372	72hpi
JU1400-LUAm1-1.8	JU1400	LUAm1	N.ferruginous	pulse-72H	1.8	rep1	1	JU1400.LUAm1.rep1	5	61903.23	10.5	6499.83915	72hpi
JU1400-LUAm1-1.8	JU1400	LUAm1	N.ferruginous	pulse-72H	1.8	rep1	1	JU1400.LUAm1.rep1	6	46407.43	0.26	120.659318	72hpi
JU1400-LUAm1-1.8	JU1400	LUAm1	N.ferruginous	pulse-72H	1.8	rep1	1	JU1400.LUAm1.rep1	7	54186.25	3.22	1744.79725	72hpi
JU1400-LUAm1-1.8	JU1400	LUAm1	N.ferruginous	pulse-72H	1.8	rep1	1	JU1400.LUAm1.rep1	8	51533.95	2.77	1427.490415	72hpi
JU1400-LUAm1-1.8	JU1400	LUAm1	N.ferruginous	pulse-72H	1.8	rep1	1	JU1400.LUAm1.rep1	9	48839.6	21.48	10490.74608	72hpi
JU1400-LUAm1-1.8	JU1400	LUAm1	N.ferruginous	pulse-72H	1.8	rep1	1	JU1400.LUAm1.rep1	10	52935.54	17.98	9517.810092	72hpi
JU1400-LUAm1-1.8	JU1400	LUAm1	N.ferruginous	pulse-72H	1.8	rep1	1	JU1400.LUAm1.rep1	11	77641.42	6.23	4837.060466	72hpi
JU1400-LUAm1-1.8	JU1400	LUAm1	N.ferruginous	pulse-72H	1.8	rep1	1	JU1400.LUAm1.rep1	12	53873.78	8.56	4611.595568	72hpi
JU1400-LUAm1-1.8	JU1400	LUAm1	N.ferruginous	pulse-72H	1.8	rep1	1	JU1400.LUAm1.rep1	13	62807.67	8.9	5589.88263	72hpi
JU1400-LUAm1-1.8	JU1400	LUAm1	N.ferruginous	pulse-72H	1.8	rep1	1	JU1400.LUAm1.rep1	14	52087.16	6.49	3380.456684	72hpi
JU1400-LUAm1-1.8	JU1400	LUAm1	N.ferruginous	pulse-72H	1.8	rep1	1	JU1400.LUAm1.rep1	15	67177.33	0	0	72hpi
JU1400-LUAm1-1.8	JU1400	LUAm1	N.ferruginous	pulse-72H	1.8	rep1	1	JU1400.LUAm1.rep1	16	53503.59	0	0	72hpi
JU1400-LUAm1-1.8	JU1400	LUAm1	N.ferruginous	pulse-72H	1.8	rep1	1	JU1400.LUAm1.rep1	17	50083.71	0	0	72hpi
JU1400-LUAm1-1.8	JU1400	LUAm1	N.ferruginous	pulse-72H	1.8	rep1	1	JU1400.LUAm1.rep1	18	20361.79	48.53	9881.576687	72hpi
JU1400-LUAm1-1.8	JU1400	LUAm1	N.ferruginous	pulse-72H	1.8	rep1	1	JU1400.LUAm1.rep1	19	45851.74	3.88	1779.047512	72hpi
JU1400-LUAm1-1.8	JU1400	LUAm1	N.ferruginous	pulse-72H	1.8	rep1	1	JU1400.LUAm1.rep1	20	68286.23	5.73	3912.800979	72hpi
JU1400-LUAm1-1.8	JU1400	LUAm1	N.ferruginous	pulse-72H	1.8	rep1	1	JU1400.LUAm1.rep1	21	48071.2	0	0	72hpi
JU1400-LUAm1-1.8	JU1400	LUAm1	N.ferruginous	pulse-72H	1.8	rep1	1	JU1400.LUAm1.rep1	22	64274.39	5.11	3284.421329	72hpi
JU1400-LUAm1-1.8	JU1400	LUAm1	N.ferruginous	pulse-72H	1.8	rep1	1	JU1400.LUAm1.rep1	23	39713.61	0	0	72hpi
JU1400-LUAm1-1.8	JU1400	LUAm1	N.ferruginous	pulse-72H	1.8	rep1	1	JU1400.LUAm1.rep1	24	44976.16	0	0	72hpi
JU1400-LUAm1-1.8	JU1400	LUAm1	N.ferruginous	pulse-72H	1.8	rep1	1	JU1400.LUAm1.rep1	25	44484.78	8.36	3718.927608	72hpi
JU1400-LUAm1-1.8	JU1400	LUAm1	N.ferruginous	pulse-72H	1.8	rep1	1	JU1400.LUAm1.rep1	26	60023.45	2.76	1656.64722	72hpi
JU1400-LUAm1-1.8	JU1400	LUAm1	N.ferruginous	pulse-72H	1.8	rep1	1	JU1400.LUAm1.rep1	27	42517.61	19.42	8256.919862	72hpi
JU1400-LUAm1-1.8	JU1400	LUAm1	N.ferruginous	pulse-72H	1.8	rep1	1	JU1400.LUAm1.rep1	28	57923.54	16.88	9777.493552	72hpi
JU1400-LUAm1-1.8	JU1400	LUAm1	N.ferruginous	pulse-72H	1.8	rep1	1	JU1400.LUAm1.rep1	29	52686.55	13.13	6917.744015	72hpi
JU1400-LUAm1-1.8	JU1400	LUAm1	N.ferruginous	pulse-72H	1.8	rep1	1	JU1400.LUAm1.rep1	30	24819.66	22.38	5554.639908	72hpi
JU1400-LUAm1-1.8	JU1400	LUAm1	N.ferruginous	pulse-72H	1.8	rep1	1	JU1400.LUAm1.rep1	31	38049.01	8.7	3310.26387	72hpi
JU1400-LUAm1-1.8	JU1400	LUAm1	N.ferruginous	pulse-72H	1.8	rep1	1	JU1400.LUAm1.rep1	32	36415.75	26.51	9653.815325	72hpi
AWR144-LUAm1-1.8	AWR144	LUAm1	N.ferruginous	pulse-72H	1.8	rep1	1	AWR144.LUAm1.rep1	1	77455.09	5.72	4430.431148	72hpi
AWR144-LUAm1-1.8	AWR144	LUAm1	N.ferruginous	pulse-72H	1.8	rep1	1	AWR144.LUAm1.rep1	2	66800.55	2.08	1389.45144	72hpi
AWR144-LUAm1-1.8	AWR144	LUAm1	N.ferruginous	pulse-72H	1.8	rep1	1	AWR144.LUAm1.rep1	3	55459.22	18.55	10287.68531	72hpi
AWR144-LUAm1-1.8	AWR144	LUAm1	N.ferruginous	pulse-72H	1.8	rep1	1	AWR144.LUAm1.rep1	4	59611.22	14.01	8351.531922	72hpi
AWR144-LUAm1-1.8	AWR144	LUAm1	N.ferruginous	pulse-72H	1.8	rep1	1	AWR144.LUAm1.rep1	5	59133.86	0	0	72hpi
AWR144-LUAm1-1.8	AWR144	LUAm1	N.ferruginous	pulse-72H	1.8	rep1	1	AWR144.LUAm1.rep1	6	51436.66	9.48	4876.195368	72hpi
AWR144-LUAm1-1.8	AWR144	LUAm1	N.ferruginous	pulse-72H	1.8	rep1	1	AWR144.LUAm1.rep1	7	65935.68	0	0	72hpi
AWR144-LUAm1-1.8	AWR144	LUAm1	N.ferruginous	pulse-72H	1.8	rep1	1	AWR144.LUAm1.rep1	8	53499.47	8.46	4526.055162	72hpi
AWR144-LUAm1-1.8	AWR144	LUAm1	N.ferruginous	pulse-72H	1.8	rep1	1	AWR144.LUAm1.rep1	9	55171.48	7.02	3873.037896	72hpi
AWR144-LUAm1-1.8	AWR144	LUAm1	N.ferruginous	pulse-72H	1.8	rep1	1	AWR144.LUAm1.rep1	10	61028.47	0.34	207.496798	72hpi
AWR144-LUAm1-1.8	AWR144	LUAm1	N.ferruginous	pulse-72H	1.8	rep1	1	AWR144.LUAm1.rep1	11	58926.09	9.93	5851.360737	72hpi
AWR144-LUAm1-1.8	AWR144	LUAm1	N.ferruginous	pulse-72H	1.8	rep1	1	AWR144.LUAm1.rep1	12	62638.65	3.03	1897.951095	72hpi
AWR144-LUAm1-1.8	AWR144	LUAm1	N.ferruginous	pulse-72H	1.8	rep1	1	AWR144.LUAm1.rep1	13	64461.54	6.88	4434.953952	72hpi
AWR144-LUAm1-1.8	AWR144	LUAm1	N.ferruginous	pulse-72H	1.8	rep1	1	AWR144.LUAm1.rep1	14	55806.32	1.05	585.96636	72hpi
AWR144-LUAm1-1.8	AWR144	LUAm1	N.ferruginous	pulse-72H	1.8	rep1	1	AWR144.LUAm1.rep1	15	53185.35	4.91	2611.400685	72hpi
AWR144-LUAm1-1.8	AWR144	LUAm1	N.ferruginous	pulse-72H	1.8	rep1	1	AWR144.LUAm1.rep1	16	62722.75	5.11	3205.132525	72hpi
AWR144-LUAm1-1.8	AWR144	LUAm1	N.ferruginous	pulse-72H	1.8	rep1	1	AWR144.LUAm1.rep1	17	53907.58	0	0	72hpi
AWR144-LUAm1-1.8	AWR144	LUAm1	N.ferruginous	pulse-72H	1.8	rep1	1	AWR144.LUAm1.rep1	18	55342.15	2.46	1361.41689	72hpi
AWR144-LUAm1-1.8	AWR144	LUAm1	N.ferruginous	pulse-72H	1.8	rep1	1	AWR144.LUAm1.rep1	19	51258.58	9.19	4710.663502	72hpi
AWR144-LUAm1-1.8	AWR144	LUAm1	N.ferruginous	pulse-72H	1.8	rep1	1	AWR144.LUAm1.rep1	20	61134.83	4.09	2500.414547	72hpi
AWR144-LUAm1-1.8	AWR144	LUAm1	N.ferruginous	pulse-72H	1.8	rep1	1	AWR144.LUAm1.rep1	21	68364.55	5.49	3753.213795	72hpi
AWR144-LUAm1-1.8	AWR144	LUAm1	N.ferruginous	pulse-72H	1.8	rep1	1	AWR144.LUAm1.rep1	22	51770.57	2.17	1123.421369	72hpi
AWR144-LUAm1-1.8	AWR144	LUAm1	N.ferruginous	pulse-72H	1.8	rep1	1	AWR144.LUAm1.rep1	23	66800.55	0.36	240.48198	72hpi
AWR144-LUAm1-1.8	AWR144	LUAm1	N.ferruginous	pulse-72H	1.8	rep1	1	AWR144.LUAm1.rep1	24	77455.09	0.83	642.877247	72hpi
AWR144-LUAm1-1.8	AWR144	LUAm1	N.ferruginous	pulse-72H	1.8	rep1	1	AWR144.LUAm1.rep1	25	59611.22	0.34	202.678148	72hpi
AWR144-LUAm1-1.8	AWR144	LUAm1	N.ferruginous	pulse-72H	1.8	rep1	1	AWR144.LUAm1.rep1	26	59133.86	1.89	1117.629954	72hpi
AWR144-LUAm1-1.8	AWR144	LUAm1	N.ferruginous	pulse-72H	1.8	rep1	1	AWR144.LUAm1.rep1	27	55459.22	0	0	72hpi
AWR144-LUAm1-1.8	AWR144	LUAm1	N.ferruginous	pulse-72H	1.8	rep1	1	AWR144.LUAm1.rep1	28	55806.32	0	0	72hpi
AWR144-LUAm1-1.8	AWR144	LUAm1	N.ferruginous	pulse-72H	1.8	rep1	1	AWR144.LUAm1.rep1	29	64461.54	0	0	72hpi
AWR144-LUAm1-1.8	AWR144	LUAm1	N.ferruginous	pulse-72H	1.8	rep1	1	AWR144.LUAm1.rep1	30	62638.65	2.66	1666.18809	72hpi
AWR144-LUAm1-1.8	AWR144	LUAm1	N.ferruginous	pulse-72H	1.8	rep1	1	AWR144.LUAm1.rep1	31	58926.09	0	0	72hpi
AWR144-LUAm1-1.8	AWR144	LUAm1	N.ferruginous	pulse-72H	1.8	rep1	1	AWR144.LUAm1.rep1	32	55171.48	0	0	72hpi
AWR144-LUAm1-1.8	AWR144	LUAm1	N.ferruginous	pulse-72H	1.8	rep1	1	AWR144.LUAm1.rep1	33	61028.47	0.59	360.067973	72hpi
AWR144-LUAm1-1.8	AWR144	LUAm1	N.ferruginous	pulse-72H	1.8	rep1	1	AWR144.LUAm1.rep1	34	53499.47	2.35	1257.237545	72hpi
AWR144-LUAm1-1.8	AWR144	LUAm1	N.ferruginous	pulse-72H	1.8	rep1	1	AWR144.LUAm1.rep1	35	65935.68	0.01	6.593568	72hpi
AWR144-LUAm1-1.8	AWR144	LUAm1	N.ferruginous	pulse-72H	1.8	rep1	1	AWR144.LUAm1.rep1	36	51436.66	1.09	560.659594	72hpi
AWR144-LUAm1-1.8	AWR144	LUAm1	N.ferruginous	pulse-72H	1.8	rep1	1	AWR144.LUAm1.rep1	37	65682.57	0	0	72hpi
AWR144-LUAm1-1.8	AWR144	LUAm1	N.ferruginous	pulse-72H	1.8	rep1	1	AWR144.LUAm1.rep1	38	51770.57	2.17	1123.421369	72hpi
AWR144-LUAm1-1.8	AWR144	LUAm1	N.ferruginous	pulse-72H	1.8	rep1	1	AWR144.LUAm1.rep1	39	68364.55	5.49	3753.213795	72hpi
AWR144-LUAm1-1.8	AWR144	LUAm1	N.ferruginous	pulse-72H	1.8	rep1	1	AWR144.LUAm1.rep1	40	51258.58	6.82	3495.835156	72hpi
AWR144-LUAm1-1.8	AWR144	LUAm1	N.ferruginous	pulse-72H	1.8	rep1	1	AWR144.LUAm1.rep1	41	61134.83	4.09	2500.414547	72hpi
AWR144-LUAm1-1.8	AWR144	LUAm1	N.ferruginous	pulse-72H	1.8	rep1	1	AWR144.LUAm1.rep1	42	55342.15	2.46	1361.41689	72hpi
AWR144-LUAm1-1.8	AWR144	LUAm1	N.ferruginous	pulse-72H	1.8	rep1	1	AWR144.LUAm1.rep1	43	53907.58	0	0	72hpi
AWR144-LUAm1-1.8	AWR144	LUAm1	N.ferruginous	pulse-72H	1.8	rep1	1	AWR144.LUAm1.rep1	44	62722.75	4.53	2841.340575	72hpi
AWR144-LUAm1-1.8	AWR144	LUAm1	N.ferruginous	pulse-72H	1.8	rep1	1	AWR144.LUAm1.rep1	45	53185.35	4.91	2611.400685	72hpi
AWR144-LUAm1-1.8	AWR144	LUAm1	N.ferruginous	pulse-72H	1.8	rep1	1	AWR144.LUAm1.rep1	46	65682.57	0	0	72hpi
AWR144-LUAm1-1.8	AWR144	LUAm1	N.ferruginous	pulse-72H	1.8	rep1	1	AWR144.LUAm1.rep1	47	60141.35	4.26	2562.02151	72hpi
AWR144-LUAm1-1.8	AWR144	LUAm1	N.ferruginous	pulse-72H	1.8	rep1	1	AWR144.LUAm1.rep1	48	65638.05	0	0	72hpi
AWR144-LUAm1-1.8	AWR144	LUAm1	N.ferruginous	pulse-72H	1.8	rep1	1	AWR144.LUAm1.rep1	49	66291.85	5.58	3699.08523	72hpi
AWR144-LUAm1-1.8	AWR144	LUAm1	N.ferruginous	pulse-72H	1.8	rep1	1	AWR144.LUAm1.rep1	50	60185.05	5.71	3436.566355	72hpi
AWR145-LUAm1-1.8	AWR145	LUAm1	N.ferruginous	pulse-72H	1.8	rep1	1	AWR145.LUAm1.rep1	1	62445.73	15.49	9672.843577	72hpi
AWR145-LUAm1-1.8	AWR145	LUAm1	N.ferruginous	pulse-72H	1.8	rep1	1	AWR145.LUAm1.rep1	2	58703.49	11.87	6968.104263	72hpi
AWR145-LUAm1-1.8	AWR145	LUAm1	N.ferruginous	pulse-72H	1.8	rep1	1	AWR145.LUAm1.rep1	3	63452.4	0.12	76.14288	72hpi
AWR145-LUAm1-1.8	AWR145	LUAm1	N.ferruginous	pulse-72H	1.8	rep1	1	AWR145.LUAm1.rep1	4	54622.39	8.85	4834.081515	72hpi
AWR145-LUAm1-1.8	AWR145	LUAm1	N.ferruginous	pulse-72H	1.8	rep1	1	AWR145.LUAm1.rep1	5	65552.31	1.52	996.395112	72hpi
AWR145-LUAm1-1.8	AWR145	LUAm1	N.ferruginous	pulse-72H	1.8	rep1	1	AWR145.LUAm1.rep1	6	78878.94	0	0	72hpi
AWR145-LUAm1-1.8	AWR145	LUAm1	N.ferruginous	pulse-72H	1.8	rep1	1	AWR145.LUAm1.rep1	7	59156.12	8.81	5211.654172	72hpi
AWR145-LUAm1-1.8	AWR145	LUAm1	N.ferruginous	pulse-72H	1.8	rep1	1	AWR145.LUAm1.rep1	8	56633.26	0	0	72hpi
AWR145-LUAm1-1.8	AWR145	LUAm1	N.ferruginous	pulse-72H	1.8	rep1	1	AWR145.LUAm1.rep1	9	57795.75	5.82	3363.71265	72hpi
AWR145-LUAm1-1.8	AWR145	LUAm1	N.ferruginous	pulse-72H	1.8	rep1	1	AWR145.LUAm1.rep1	10	44715.63	7.17	3206.110671	72hpi
AWR145-LUAm1-1.8	AWR145	LUAm1	N.ferruginous	pulse-72H	1.8	rep1	1	AWR145.LUAm1.rep1	11	59545.26	15.46	9205.697196	72hpi
AWR145-LUAm1-1.8	AWR145	LUAm1	N.ferruginous	pulse-72H	1.8	rep1	1	AWR145.LUAm1.rep1	12	58471.81	10.21	5969.971801	72hpi
AWR145-LUAm1-1.8	AWR145	LUAm1	N.ferruginous	pulse-72H	1.8	rep1	1	AWR145.LUAm1.rep1	13	65930.74	4.75	3131.71015	72hpi
AWR145-LUAm1-1.8	AWR145	LUAm1	N.ferruginous	pulse-72H	1.8	rep1	1	AWR145.LUAm1.rep1	14	80168.41	1.35	1082.273535	72hpi
AWR145-LUAm1-1.8	AWR145	LUAm1	N.ferruginous	pulse-72H	1.8	rep1	1	AWR145.LUAm1.rep1	15	61907.35	7.75	4797.819625	72hpi
AWR145-LUAm1-1.8	AWR145	LUAm1	N.ferruginous	pulse-72H	1.8	rep1	1	AWR145.LUAm1.rep1	16	67617.59	12.85	8688.860315	72hpi
AWR145-LUAm1-1.8	AWR145	LUAm1	N.ferruginous	pulse-72H	1.8	rep1	1	AWR145.LUAm1.rep1	17	63649.45	0	0	72hpi
AWR145-LUAm1-1.8	AWR145	LUAm1	N.ferruginous	pulse-72H	1.8	rep1	1	AWR145.LUAm1.rep1	18	62533.95	1.44	900.48888	72hpi
AWR145-LUAm1-1.8	AWR145	LUAm1	N.ferruginous	pulse-72H	1.8	rep1	1	AWR145.LUAm1.rep1	19	62992.35	0.83	522.836505	72hpi
AWR145-LUAm1-1.8	AWR145	LUAm1	N.ferruginous	pulse-72H	1.8	rep1	1	AWR145.LUAm1.rep1	20	46688.57	21.8	10178.10826	72hpi
AWR145-LUAm1-1.8	AWR145	LUAm1	N.ferruginous	pulse-72H	1.8	rep1	1	AWR145.LUAm1.rep1	21	59176.73	5.46	3231.049458	72hpi
AWR145-LUAm1-1.8	AWR145	LUAm1	N.ferruginous	pulse-72H	1.8	rep1	1	AWR145.LUAm1.rep1	22	67218.55	0	0	72hpi
AWR145-LUAm1-1.8	AWR145	LUAm1	N.ferruginous	pulse-72H	1.8	rep1	1	AWR145.LUAm1.rep1	23	47889.82	8.86	4243.038052	72hpi
AWR145-LUAm1-1.8	AWR145	LUAm1	N.ferruginous	pulse-72H	1.8	rep1	1	AWR145.LUAm1.rep1	24	71322.73	1.76	1255.280048	72hpi
AWR145-LUAm1-1.8	AWR145	LUAm1	N.ferruginous	pulse-72H	1.8	rep1	1	AWR145.LUAm1.rep1	25	62604.02	0	0	72hpi
AWR145-LUAm1-1.8	AWR145	LUAm1	N.ferruginous	pulse-72H	1.8	rep1	1	AWR145.LUAm1.rep1	26	70474.36	7.76	5468.810336	72hpi
N2-LUAm1-1.8	N2	LUAm1	N.ferruginous	pulse-72H	1.8	rep2	1	N2.LUAm1.rep2	1	52920.7	23.62	12499.86934	72hpi
N2-LUAm1-1.8	N2	LUAm1	N.ferruginous	pulse-72H	1.8	rep2	1	N2.LUAm1.rep2	2	44998.42	15.33	6898.257786	72hpi
N2-LUAm1-1.8	N2	LUAm1	N.ferruginous	pulse-72H	1.8	rep2	1	N2.LUAm1.rep2	3	50605.6	12.54	6345.94224	72hpi
N2-LUAm1-1.8	N2	LUAm1	N.ferruginous	pulse-72H	1.8	rep2	1	N2.LUAm1.rep2	4	40139.85	10.12	4062.15282	72hpi
N2-LUAm1-1.8	N2	LUAm1	N.ferruginous	pulse-72H	1.8	rep2	1	N2.LUAm1.rep2	5	39481.93	30.04	11860.37177	72hpi
N2-LUAm1-1.8	N2	LUAm1	N.ferruginous	pulse-72H	1.8	rep2	1	N2.LUAm1.rep2	6	39812.54	2.19	871.894626	72hpi
N2-LUAm1-1.8	N2	LUAm1	N.ferruginous	pulse-72H	1.8	rep2	1	N2.LUAm1.rep2	7	35010.86	36.87	12908.50408	72hpi
N2-LUAm1-1.8	N2	LUAm1	N.ferruginous	pulse-72H	1.8	rep2	1	N2.LUAm1.rep2	8	40852.19	5.7	2328.57483	72hpi
N2-LUAm1-1.8	N2	LUAm1	N.ferruginous	pulse-72H	1.8	rep2	1	N2.LUAm1.rep2	9	53486.28	12.11	6477.188508	72hpi
N2-LUAm1-1.8	N2	LUAm1	N.ferruginous	pulse-72H	1.8	rep2	1	N2.LUAm1.rep2	10	40168.71	0	0	72hpi
N2-LUAm1-1.8	N2	LUAm1	N.ferruginous	pulse-72H	1.8	rep2	1	N2.LUAm1.rep2	11	44596.08	14.02	6252.370416	72hpi
N2-LUAm1-1.8	N2	LUAm1	N.ferruginous	pulse-72H	1.8	rep2	1	N2.LUAm1.rep2	12	45916.05	0	0	72hpi
N2-LUAm1-1.8	N2	LUAm1	N.ferruginous	pulse-72H	1.8	rep2	1	N2.LUAm1.rep2	13	49679.73	13.6	6756.44328	72hpi
N2-LUAm1-1.8	N2	LUAm1	N.ferruginous	pulse-72H	1.8	rep2	1	N2.LUAm1.rep2	14	34145.18	0	0	72hpi
N2-LUAm1-1.8	N2	LUAm1	N.ferruginous	pulse-72H	1.8	rep2	1	N2.LUAm1.rep2	15	47455.32	2.44	1157.909808	72hpi
N2-LUAm1-1.8	N2	LUAm1	N.ferruginous	pulse-72H	1.8	rep2	1	N2.LUAm1.rep2	16	37123.14	1.8	668.21652	72hpi
N2-LUAm1-1.8	N2	LUAm1	N.ferruginous	pulse-72H	1.8	rep2	1	N2.LUAm1.rep2	17	45611.82	0	0	72hpi
N2-LUAm1-1.8	N2	LUAm1	N.ferruginous	pulse-72H	1.8	rep2	1	N2.LUAm1.rep2	18	40186.85	37.14	14925.39609	72hpi
N2-LUAm1-1.8	N2	LUAm1	N.ferruginous	pulse-72H	1.8	rep2	1	N2.LUAm1.rep2	19	39334.35	12.07	4747.656045	72hpi
N2-LUAm1-1.8	N2	LUAm1	N.ferruginous	pulse-72H	1.8	rep2	1	N2.LUAm1.rep2	20	37745.61	29.09	10980.19795	72hpi
N2-LUAm1-1.8	N2	LUAm1	N.ferruginous	pulse-72H	1.8	rep2	1	N2.LUAm1.rep2	21	55098.93	16.25	8953.576125	72hpi
N2-LUAm1-1.8	N2	LUAm1	N.ferruginous	pulse-72H	1.8	rep2	1	N2.LUAm1.rep2	22	47499.02	8.45	4013.66719	72hpi
N2-LUAm1-1.8	N2	LUAm1	N.ferruginous	pulse-72H	1.8	rep2	1	N2.LUAm1.rep2	23	43042.79	2.79	1200.893841	72hpi
N2-LUAm1-1.8	N2	LUAm1	N.ferruginous	pulse-72H	1.8	rep2	1	N2.LUAm1.rep2	24	41614.82	9.2	3828.56344	72hpi
N2-LUAm1-1.8	N2	LUAm1	N.ferruginous	pulse-72H	1.8	rep2	1	N2.LUAm1.rep2	25	48236.09	17.18	8286.960262	72hpi
N2-LUAm1-1.8	N2	LUAm1	N.ferruginous	pulse-72H	1.8	rep2	1	N2.LUAm1.rep2	26	58047.21	15.1	8765.12871	72hpi
N2-LUAm1-1.8	N2	LUAm1	N.ferruginous	pulse-72H	1.8	rep2	1	N2.LUAm1.rep2	27	50790.28	29.73	15099.95024	72hpi
N2-LUAm1-1.8	N2	LUAm1	N.ferruginous	pulse-72H	1.8	rep2	1	N2.LUAm1.rep2	28	56230.92	0	0	72hpi
N2-LUAm1-1.8	N2	LUAm1	N.ferruginous	pulse-72H	1.8	rep2	1	N2.LUAm1.rep2	29	55756.85	0	0	72hpi
N2-LUAm1-1.8	N2	LUAm1	N.ferruginous	pulse-72H	1.8	rep2	1	N2.LUAm1.rep2	30	47986.28	9.84	4721.849952	72hpi
N2-LUAm1-1.8	N2	LUAm1	N.ferruginous	pulse-72H	1.8	rep2	1	N2.LUAm1.rep2	31	63877.82	10.63	6790.212266	72hpi
N2-LUAm1-1.8	N2	LUAm1	N.ferruginous	pulse-72H	1.8	rep2	1	N2.LUAm1.rep2	32	51127.49	22.62	11565.03824	72hpi
N2-LUAm1-1.8	N2	LUAm1	N.ferruginous	pulse-72H	1.8	rep2	1	N2.LUAm1.rep2	33	45474.14	7.97	3624.288958	72hpi
JU1400-LUAm1-1.8	JU1400	LUAm1	N.ferruginous	pulse-72H	1.8	rep2	1	JU1400.LUAm1.rep2	1	55695.02	3.01	1676.420102	72hpi
JU1400-LUAm1-1.8	JU1400	LUAm1	N.ferruginous	pulse-72H	1.8	rep2	1	JU1400.LUAm1.rep2	2	21232.42	0	0	72hpi
JU1400-LUAm1-1.8	JU1400	LUAm1	N.ferruginous	pulse-72H	1.8	rep2	1	JU1400.LUAm1.rep2	3	47739.76	14.77	7051.162552	72hpi
JU1400-LUAm1-1.8	JU1400	LUAm1	N.ferruginous	pulse-72H	1.8	rep2	1	JU1400.LUAm1.rep2	4	22382.55	47.67	10669.76159	72hpi
JU1400-LUAm1-1.8	JU1400	LUAm1	N.ferruginous	pulse-72H	1.8	rep2	1	JU1400.LUAm1.rep2	5	20495.35	31.69	6494.976415	72hpi
JU1400-LUAm1-1.8	JU1400	LUAm1	N.ferruginous	pulse-72H	1.8	rep2	1	JU1400.LUAm1.rep2	6	26140.46	29.82	7795.085172	72hpi
JU1400-LUAm1-1.8	JU1400	LUAm1	N.ferruginous	pulse-72H	1.8	rep2	1	JU1400.LUAm1.rep2	7	46611.07	15.65	7294.632455	72hpi
JU1400-LUAm1-1.8	JU1400	LUAm1	N.ferruginous	pulse-72H	1.8	rep2	1	JU1400.LUAm1.rep2	8	49938.61	8.99	4489.481039	72hpi
JU1400-LUAm1-1.8	JU1400	LUAm1	N.ferruginous	pulse-72H	1.8	rep2	1	JU1400.LUAm1.rep2	9	43234.07	19.08	8249.060556	72hpi
JU1400-LUAm1-1.8	JU1400	LUAm1	N.ferruginous	pulse-72H	1.8	rep2	1	JU1400.LUAm1.rep2	10	45609.35	13.07	5961.142045	72hpi
JU1400-LUAm1-1.8	JU1400	LUAm1	N.ferruginous	pulse-72H	1.8	rep2	1	JU1400.LUAm1.rep2	11	19271.02	29.03	5594.377106	72hpi
JU1400-LUAm1-1.8	JU1400	LUAm1	N.ferruginous	pulse-72H	1.8	rep2	1	JU1400.LUAm1.rep2	12	47087.61	13.5	6356.82735	72hpi
JU1400-LUAm1-1.8	JU1400	LUAm1	N.ferruginous	pulse-72H	1.8	rep2	1	JU1400.LUAm1.rep2	13	52816.81	0.32	169.013792	72hpi
JU1400-LUAm1-1.8	JU1400	LUAm1	N.ferruginous	pulse-72H	1.8	rep2	1	JU1400.LUAm1.rep2	14	52510.11	17.47	9173.516217	72hpi
JU1400-LUAm1-1.8	JU1400	LUAm1	N.ferruginous	pulse-72H	1.8	rep2	1	JU1400.LUAm1.rep2	15	35662.19	29.43	10495.38252	72hpi
JU1400-LUAm1-1.8	JU1400	LUAm1	N.ferruginous	pulse-72H	1.8	rep2	1	JU1400.LUAm1.rep2	16	44863.21	32.3	14490.81683	72hpi
JU1400-LUAm1-1.8	JU1400	LUAm1	N.ferruginous	pulse-72H	1.8	rep2	1	JU1400.LUAm1.rep2	17	43901.06	0	0	72hpi
JU1400-LUAm1-1.8	JU1400	LUAm1	N.ferruginous	pulse-72H	1.8	rep2	1	JU1400.LUAm1.rep2	18	30736.02	35.34	10862.10947	72hpi
JU1400-LUAm1-1.8	JU1400	LUAm1	N.ferruginous	pulse-72H	1.8	rep2	1	JU1400.LUAm1.rep2	19	58125.54	7.87	4574.479998	72hpi
JU1400-LUAm1-1.8	JU1400	LUAm1	N.ferruginous	pulse-72H	1.8	rep2	1	JU1400.LUAm1.rep2	20	19427.67	0	0	72hpi
JU1400-LUAm1-1.8	JU1400	LUAm1	N.ferruginous	pulse-72H	1.8	rep2	1	JU1400.LUAm1.rep2	21	20298.3	75.23	15270.41109	72hpi
JU1400-LUAm1-1.8	JU1400	LUAm1	N.ferruginous	pulse-72H	1.8	rep2	1	JU1400.LUAm1.rep2	22	30017.09	6.74	2023.151866	72hpi
JU1400-LUAm1-1.8	JU1400	LUAm1	N.ferruginous	pulse-72H	1.8	rep2	1	JU1400.LUAm1.rep2	23	46434.64	10.53	4889.567592	72hpi
JU1400-LUAm1-1.8	JU1400	LUAm1	N.ferruginous	pulse-72H	1.8	rep2	1	JU1400.LUAm1.rep2	24	35500.6	26.83	9524.81098	72hpi
JU1400-LUAm1-1.8	JU1400	LUAm1	N.ferruginous	pulse-72H	1.8	rep2	1	JU1400.LUAm1.rep2	25	53172.98	0.03	15.951894	72hpi
JU1400-LUAm1-1.8	JU1400	LUAm1	N.ferruginous	pulse-72H	1.8	rep2	1	JU1400.LUAm1.rep2	26	45203.71	3.52	1591.170592	72hpi
JU1400-LUAm1-1.8	JU1400	LUAm1	N.ferruginous	pulse-72H	1.8	rep2	1	JU1400.LUAm1.rep2	27	21199.44	53.79	11403.17878	72hpi
JU1400-LUAm1-1.8	JU1400	LUAm1	N.ferruginous	pulse-72H	1.8	rep2	1	JU1400.LUAm1.rep2	28	48626.89	32.82	15959.3453	72hpi
JU1400-LUAm1-1.8	JU1400	LUAm1	N.ferruginous	pulse-72H	1.8	rep2	1	JU1400.LUAm1.rep2	29	56850.92	13.09	7441.785428	72hpi
JU1400-LUAm1-1.8	JU1400	LUAm1	N.ferruginous	pulse-72H	1.8	rep2	1	JU1400.LUAm1.rep2	30	44169.83	11.21	4951.437943	72hpi
JU1400-LUAm1-1.8	JU1400	LUAm1	N.ferruginous	pulse-72H	1.8	rep2	1	JU1400.LUAm1.rep2	31	50101.03	23.51	11778.75215	72hpi
JU1400-LUAm1-1.8	JU1400	LUAm1	N.ferruginous	pulse-72H	1.8	rep2	1	JU1400.LUAm1.rep2	32	52730.24	19.82	10451.13357	72hpi
JU1400-LUAm1-1.8	JU1400	LUAm1	N.ferruginous	pulse-72H	1.8	rep2	1	JU1400.LUAm1.rep2	33	21389.89	0	0	72hpi
JU1400-LUAm1-1.8	JU1400	LUAm1	N.ferruginous	pulse-72H	1.8	rep2	1	JU1400.LUAm1.rep2	34	19951.2	29.04	5793.82848	72hpi
JU1400-LUAm1-1.8	JU1400	LUAm1	N.ferruginous	pulse-72H	1.8	rep2	1	JU1400.LUAm1.rep2	35	62388.84	9.81	6120.345204	72hpi
JU1400-LUAm1-1.8	JU1400	LUAm1	N.ferruginous	pulse-72H	1.8	rep2	1	JU1400.LUAm1.rep2	36	65060.1	2.22	1444.33422	72hpi
JU1400-LUAm1-1.8	JU1400	LUAm1	N.ferruginous	pulse-72H	1.8	rep2	1	JU1400.LUAm1.rep2	37	37443.86	35.15	13161.51679	72hpi
JU1400-LUAm1-1.8	JU1400	LUAm1	N.ferruginous	pulse-72H	1.8	rep2	1	JU1400.LUAm1.rep2	38	42322.21	0	0	72hpi
JU1400-LUAm1-1.8	JU1400	LUAm1	N.ferruginous	pulse-72H	1.8	rep2	1	JU1400.LUAm1.rep2	39	25005.99	19.91	4978.692609	72hpi
JU1400-LUAm1-1.8	JU1400	LUAm1	N.ferruginous	pulse-72H	1.8	rep2	1	JU1400.LUAm1.rep2	40	48070.37	7.65	3677.383305	72hpi
JU1400-LUAm1-1.8	JU1400	LUAm1	N.ferruginous	pulse-72H	1.8	rep2	1	JU1400.LUAm1.rep2	41	49721.77	7.89	3923.047653	72hpi
JU1400-LUAm1-1.8	JU1400	LUAm1	N.ferruginous	pulse-72H	1.8	rep2	1	JU1400.LUAm1.rep2	42	68120.51	0.01	6.812051	72hpi
JU1400-LUAm1-1.8	JU1400	LUAm1	N.ferruginous	pulse-72H	1.8	rep2	1	JU1400.LUAm1.rep2	43	48522.18	0	0	72hpi
JU1400-LUAm1-1.8	JU1400	LUAm1	N.ferruginous	pulse-72H	1.8	rep2	1	JU1400.LUAm1.rep2	44	21971.14	23.21	5099.501594	72hpi
JU1400-LUAm1-1.8	JU1400	LUAm1	N.ferruginous	pulse-72H	1.8	rep2	1	JU1400.LUAm1.rep2	45	43064.23	12.12	5219.384676	72hpi
JU1400-LUAm1-1.8	JU1400	LUAm1	N.ferruginous	pulse-72H	1.8	rep2	1	JU1400.LUAm1.rep2	46	67417.25	2.03	1368.570175	72hpi
JU1400-LUAm1-1.8	JU1400	LUAm1	N.ferruginous	pulse-72H	1.8	rep2	1	JU1400.LUAm1.rep2	47	29485.31	30.47	8984.173957	72hpi
JU1400-LUAm1-1.8	JU1400	LUAm1	N.ferruginous	pulse-72H	1.8	rep2	1	JU1400.LUAm1.rep2	48	24719.08	15.88	3925.389904	72hpi
JU1400-LUAm1-1.8	JU1400	LUAm1	N.ferruginous	pulse-72H	1.8	rep2	1	JU1400.LUAm1.rep2	49	56050.36	0	0	72hpi
JU1400-LUAm1-1.8	JU1400	LUAm1	N.ferruginous	pulse-72H	1.8	rep2	1	JU1400.LUAm1.rep2	50	48809.09	23.72	11577.51615	72hpi
JU1400-LUAm1-1.8	JU1400	LUAm1	N.ferruginous	pulse-72H	1.8	rep2	1	JU1400.LUAm1.rep2	51	26297.1	2.43	639.01953	72hpi
JU1400-LUAm1-1.8	JU1400	LUAm1	N.ferruginous	pulse-72H	1.8	rep2	1	JU1400.LUAm1.rep2	52	47319.29	3.23	1528.413067	72hpi
JU1400-LUAm1-1.8	JU1400	LUAm1	N.ferruginous	pulse-72H	1.8	rep2	1	JU1400.LUAm1.rep2	53	75145.77	0	0	72hpi
AWR144-LUAm1-1.8	AWR144	LUAm1	N.ferruginous	pulse-72H	1.8	rep2	1	AWR144.LUAm1.rep2	1	40756.55	14.35	5848.564925	72hpi
AWR144-LUAm1-1.8	AWR144	LUAm1	N.ferruginous	pulse-72H	1.8	rep2	1	AWR144.LUAm1.rep2	2	32747.71	19.26	6307.208946	72hpi
AWR144-LUAm1-1.8	AWR144	LUAm1	N.ferruginous	pulse-72H	1.8	rep2	1	AWR144.LUAm1.rep2	3	39002.09	8.19	3194.271171	72hpi
AWR144-LUAm1-1.8	AWR144	LUAm1	N.ferruginous	pulse-72H	1.8	rep2	1	AWR144.LUAm1.rep2	4	30554.64	39.56	12087.41558	72hpi
AWR144-LUAm1-1.8	AWR144	LUAm1	N.ferruginous	pulse-72H	1.8	rep2	1	AWR144.LUAm1.rep2	5	46138.65	2.94	1356.47631	72hpi
AWR144-LUAm1-1.8	AWR144	LUAm1	N.ferruginous	pulse-72H	1.8	rep2	1	AWR144.LUAm1.rep2	6	40940.41	10.73	4392.905993	72hpi
AWR144-LUAm1-1.8	AWR144	LUAm1	N.ferruginous	pulse-72H	1.8	rep2	1	AWR144.LUAm1.rep2	7	29381.42	32.68	9601.848056	72hpi
AWR144-LUAm1-1.8	AWR144	LUAm1	N.ferruginous	pulse-72H	1.8	rep2	1	AWR144.LUAm1.rep2	8	38427.44	6.06	2328.702864	72hpi
AWR144-LUAm1-1.8	AWR144	LUAm1	N.ferruginous	pulse-72H	1.8	rep2	1	AWR144.LUAm1.rep2	9	34845.15	45.5	15854.54325	72hpi
AWR144-LUAm1-1.8	AWR144	LUAm1	N.ferruginous	pulse-72H	1.8	rep2	1	AWR144.LUAm1.rep2	10	33030.5	34.72	11468.1896	72hpi
AWR144-LUAm1-1.8	AWR144	LUAm1	N.ferruginous	pulse-72H	1.8	rep2	1	AWR144.LUAm1.rep2	11	39775.44	21.74	8647.180656	72hpi
AWR144-LUAm1-1.8	AWR144	LUAm1	N.ferruginous	pulse-72H	1.8	rep2	1	AWR144.LUAm1.rep2	12	37936.06	0	0	72hpi
AWR144-LUAm1-1.8	AWR144	LUAm1	N.ferruginous	pulse-72H	1.8	rep2	1	AWR144.LUAm1.rep2	13	39847.17	23.22	9252.512874	72hpi
AWR144-LUAm1-1.8	AWR144	LUAm1	N.ferruginous	pulse-72H	1.8	rep2	1	AWR144.LUAm1.rep2	14	41722	3.61	1506.1642	72hpi
AWR144-LUAm1-1.8	AWR144	LUAm1	N.ferruginous	pulse-72H	1.8	rep2	1	AWR144.LUAm1.rep2	15	40045.04	65.45	26209.47868	72hpi
AWR144-LUAm1-1.8	AWR144	LUAm1	N.ferruginous	pulse-72H	1.8	rep2	1	AWR144.LUAm1.rep2	16	65473.98	21.34	13972.14733	72hpi
AWR144-LUAm1-1.8	AWR144	LUAm1	N.ferruginous	pulse-72H	1.8	rep2	1	AWR144.LUAm1.rep2	17	47066.18	7.22	3398.178196	72hpi
AWR144-LUAm1-1.8	AWR144	LUAm1	N.ferruginous	pulse-72H	1.8	rep2	1	AWR144.LUAm1.rep2	18	58747.18	3.43	2015.028274	72hpi
AWR144-LUAm1-1.8	AWR144	LUAm1	N.ferruginous	pulse-72H	1.8	rep2	1	AWR144.LUAm1.rep2	19	51626.29	15.73	8120.815417	72hpi
AWR144-LUAm1-1.8	AWR144	LUAm1	N.ferruginous	pulse-72H	1.8	rep2	1	AWR144.LUAm1.rep2	20	45013.26	0	0	72hpi
AWR144-LUAm1-1.8	AWR144	LUAm1	N.ferruginous	pulse-72H	1.8	rep2	1	AWR144.LUAm1.rep2	21	55536.72	14.54	8075.039088	72hpi
AWR144-LUAm1-1.8	AWR144	LUAm1	N.ferruginous	pulse-72H	1.8	rep2	1	AWR144.LUAm1.rep2	22	38432.39	0	0	72hpi
AWR144-LUAm1-1.8	AWR144	LUAm1	N.ferruginous	pulse-72H	1.8	rep2	1	AWR144.LUAm1.rep2	23	33711.51	8.09	2727.261159	72hpi
AWR144-LUAm1-1.8	AWR144	LUAm1	N.ferruginous	pulse-72H	1.8	rep2	1	AWR144.LUAm1.rep2	24	40551.26	14.89	6038.082614	72hpi
AWR144-LUAm1-1.8	AWR144	LUAm1	N.ferruginous	pulse-72H	1.8	rep2	1	AWR144.LUAm1.rep2	25	35315.09	0	0	72hpi
AWR144-LUAm1-1.8	AWR144	LUAm1	N.ferruginous	pulse-72H	1.8	rep2	1	AWR144.LUAm1.rep2	26	39762.25	4.16	1654.1096	72hpi
AWR144-LUAm1-1.8	AWR144	LUAm1	N.ferruginous	pulse-72H	1.8	rep2	1	AWR144.LUAm1.rep2	27	44387.49	5.06	2246.006994	72hpi
AWR144-LUAm1-1.8	AWR144	LUAm1	N.ferruginous	pulse-72H	1.8	rep2	1	AWR144.LUAm1.rep2	28	64519.25	0.01	6.451925	72hpi
AWR144-LUAm1-1.8	AWR144	LUAm1	N.ferruginous	pulse-72H	1.8	rep2	1	AWR144.LUAm1.rep2	29	60697.04	21.81	13238.02442	72hpi
AWR144-LUAm1-1.8	AWR144	LUAm1	N.ferruginous	pulse-72H	1.8	rep2	1	AWR144.LUAm1.rep2	30	43874.68	6.07	2663.193076	72hpi
AWR144-LUAm1-1.8	AWR144	LUAm1	N.ferruginous	pulse-72H	1.8	rep2	1	AWR144.LUAm1.rep2	31	43001.57	5.43	2334.985251	72hpi
AWR144-LUAm1-1.8	AWR144	LUAm1	N.ferruginous	pulse-72H	1.8	rep2	1	AWR144.LUAm1.rep2	32	61097.73	0	0	72hpi
AWR144-LUAm1-1.8	AWR144	LUAm1	N.ferruginous	pulse-72H	1.8	rep2	1	AWR144.LUAm1.rep2	33	56727.25	0	0	72hpi
AWR144-LUAm1-1.8	AWR144	LUAm1	N.ferruginous	pulse-72H	1.8	rep2	1	AWR144.LUAm1.rep2	34	47390.19	0	0	72hpi
AWR144-LUAm1-1.8	AWR144	LUAm1	N.ferruginous	pulse-72H	1.8	rep2	1	AWR144.LUAm1.rep2	35	48142.1	5.59	2691.14339	72hpi
AWR144-LUAm1-1.8	AWR144	LUAm1	N.ferruginous	pulse-72H	1.8	rep2	1	AWR144.LUAm1.rep2	36	51456.45	14.7	7564.09815	72hpi
AWR145-LUAm1-1.8	AWR145	LUAm1	N.ferruginous	pulse-72H	1.8	rep2	1	AWR145.LUAm1.rep2	1	64841.62	0	0	72hpi
AWR145-LUAm1-1.8	AWR145	LUAm1	N.ferruginous	pulse-72H	1.8	rep2	1	AWR145.LUAm1.rep2	2	49213.91	27.32	13445.24021	72hpi
AWR145-LUAm1-1.8	AWR145	LUAm1	N.ferruginous	pulse-72H	1.8	rep2	1	AWR145.LUAm1.rep2	3	66060.18	6.65	4393.00197	72hpi
AWR145-LUAm1-1.8	AWR145	LUAm1	N.ferruginous	pulse-72H	1.8	rep2	1	AWR145.LUAm1.rep2	4	50073.82	0.03	15.022146	72hpi
AWR145-LUAm1-1.8	AWR145	LUAm1	N.ferruginous	pulse-72H	1.8	rep2	1	AWR145.LUAm1.rep2	5	58274.76	4.82	2808.843432	72hpi
AWR145-LUAm1-1.8	AWR145	LUAm1	N.ferruginous	pulse-72H	1.8	rep2	1	AWR145.LUAm1.rep2	6	54091.43	18.38	9942.004834	72hpi
AWR145-LUAm1-1.8	AWR145	LUAm1	N.ferruginous	pulse-72H	1.8	rep2	1	AWR145.LUAm1.rep2	7	44682.65	16.06	7176.03359	72hpi
AWR145-LUAm1-1.8	AWR145	LUAm1	N.ferruginous	pulse-72H	1.8	rep2	1	AWR145.LUAm1.rep2	8	41206.71	22.58	9304.475118	72hpi
AWR145-LUAm1-1.8	AWR145	LUAm1	N.ferruginous	pulse-72H	1.8	rep2	1	AWR145.LUAm1.rep2	9	48792.6	12.95	6318.6417	72hpi
AWR145-LUAm1-1.8	AWR145	LUAm1	N.ferruginous	pulse-72H	1.8	rep2	1	AWR145.LUAm1.rep2	10	71063.03	0	0	72hpi
AWR145-LUAm1-1.8	AWR145	LUAm1	N.ferruginous	pulse-72H	1.8	rep2	1	AWR145.LUAm1.rep2	11	49752.28	15.24	7582.247472	72hpi
AWR145-LUAm1-1.8	AWR145	LUAm1	N.ferruginous	pulse-72H	1.8	rep2	1	AWR145.LUAm1.rep2	12	64821.83	4.37	2832.713971	72hpi
AWR145-LUAm1-1.8	AWR145	LUAm1	N.ferruginous	pulse-72H	1.8	rep2	1	AWR145.LUAm1.rep2	13	64684.97	10.71	6927.760287	72hpi
AWR145-LUAm1-1.8	AWR145	LUAm1	N.ferruginous	pulse-72H	1.8	rep2	1	AWR145.LUAm1.rep2	14	73757.37	0	0	72hpi
AWR145-LUAm1-1.8	AWR145	LUAm1	N.ferruginous	pulse-72H	1.8	rep2	1	AWR145.LUAm1.rep2	15	51563.63	0	0	72hpi
AWR145-LUAm1-1.8	AWR145	LUAm1	N.ferruginous	pulse-72H	1.8	rep2	1	AWR145.LUAm1.rep2	16	77343.79	17.92	13860.00717	72hpi
AWR145-LUAm1-1.8	AWR145	LUAm1	N.ferruginous	pulse-72H	1.8	rep2	1	AWR145.LUAm1.rep2	17	73538.07	7.26	5338.863882	72hpi
AWR145-LUAm1-1.8	AWR145	LUAm1	N.ferruginous	pulse-72H	1.8	rep2	1	AWR145.LUAm1.rep2	18	74697.26	0	0	72hpi
AWR145-LUAm1-1.8	AWR145	LUAm1	N.ferruginous	pulse-72H	1.8	rep2	1	AWR145.LUAm1.rep2	19	55712.33	7.52	4189.567216	72hpi
AWR145-LUAm1-1.8	AWR145	LUAm1	N.ferruginous	pulse-72H	1.8	rep2	1	AWR145.LUAm1.rep2	20	24314.27	89.68	21805.03734	72hpi
AWR145-LUAm1-1.8	AWR145	LUAm1	N.ferruginous	pulse-72H	1.8	rep2	1	AWR145.LUAm1.rep2	21	66122.84	14.11	9329.932724	72hpi
AWR145-LUAm1-1.8	AWR145	LUAm1	N.ferruginous	pulse-72H	1.8	rep2	1	AWR145.LUAm1.rep2	22	48050.59	43.7	20998.10783	72hpi
AWR145-LUAm1-1.8	AWR145	LUAm1	N.ferruginous	pulse-72H	1.8	rep2	1	AWR145.LUAm1.rep2	23	66343.79	0.34	225.568886	72hpi
AWR145-LUAm1-1.8	AWR145	LUAm1	N.ferruginous	pulse-72H	1.8	rep2	1	AWR145.LUAm1.rep2	24	66770.04	12.68	8466.441072	72hpi
AWR145-LUAm1-1.8	AWR145	LUAm1	N.ferruginous	pulse-72H	1.8	rep2	1	AWR145.LUAm1.rep2	25	74980.05	0.56	419.88828	72hpi
AWR145-LUAm1-1.8	AWR145	LUAm1	N.ferruginous	pulse-72H	1.8	rep2	1	AWR145.LUAm1.rep2	26	66266.29	0	0	72hpi
AWR145-LUAm1-1.8	AWR145	LUAm1	N.ferruginous	pulse-72H	1.8	rep2	1	AWR145.LUAm1.rep2	27	63407.88	40.99	25990.89001	72hpi
AWR145-LUAm1-1.8	AWR145	LUAm1	N.ferruginous	pulse-72H	1.8	rep2	1	AWR145.LUAm1.rep2	28	67521.13	0	0	72hpi
AWR145-LUAm1-1.8	AWR145	LUAm1	N.ferruginous	pulse-72H	1.8	rep2	1	AWR145.LUAm1.rep2	29	48523	13.95	6768.9585	72hpi
AWR145-LUAm1-1.8	AWR145	LUAm1	N.ferruginous	pulse-72H	1.8	rep2	1	AWR145.LUAm1.rep2	30	69122.24	6.91	4776.346784	72hpi
AWR145-LUAm1-1.8	AWR145	LUAm1	N.ferruginous	pulse-72H	1.8	rep2	1	AWR145.LUAm1.rep2	31	42416.2	0	0	72hpi
AWR145-LUAm1-1.8	AWR145	LUAm1	N.ferruginous	pulse-72H	1.8	rep2	1	AWR145.LUAm1.rep2	32	44119.54	0	0	72hpi
AWR145-LUAm1-1.8	AWR145	LUAm1	N.ferruginous	pulse-72H	1.8	rep2	1	AWR145.LUAm1.rep2	33	71131.46	0.52	369.883592	72hpi
AWR145-LUAm1-1.8	AWR145	LUAm1	N.ferruginous	pulse-72H	1.8	rep2	1	AWR145.LUAm1.rep2	34	55903.61	11.35	6345.059735	72hpi
AWR145-LUAm1-1.8	AWR145	LUAm1	N.ferruginous	pulse-72H	1.8	rep2	1	AWR145.LUAm1.rep2	35	56681.08	17.19	9743.477652	72hpi
AWR145-LUAm1-1.8	AWR145	LUAm1	N.ferruginous	pulse-72H	1.8	rep2	1	AWR145.LUAm1.rep2	36	69381.94	23.93	16603.09824	72hpi
AWR145-LUAm1-1.8	AWR145	LUAm1	N.ferruginous	pulse-72H	1.8	rep2	1	AWR145.LUAm1.rep2	37	47029.9	24.46	11503.51354	72hpi
AWR145-LUAm1-1.8	AWR145	LUAm1	N.ferruginous	pulse-72H	1.8	rep2	1	AWR145.LUAm1.rep2	38	81732.41	14.47	11826.67973	72hpi
AWR145-LUAm1-1.8	AWR145	LUAm1	N.ferruginous	pulse-72H	1.8	rep2	1	AWR145.LUAm1.rep2	39	57183.17	27.44	15691.06185	72hpi
AWR145-LUAm1-1.8	AWR145	LUAm1	N.ferruginous	pulse-72H	1.8	rep2	1	AWR145.LUAm1.rep2	40	56526.08	18.56	10491.24045	72hpi
AWR145-LUAm1-1.8	AWR145	LUAm1	N.ferruginous	pulse-72H	1.8	rep2	1	AWR145.LUAm1.rep2	41	61874.37	0	0	72hpi
N2-LUAm1-1.8	N2	LUAm1	N.ferruginous	pulse-72H	1.8	rep3	1	N2.LUAm1.rep3	1	63315.54	2.51	1589.220054	72hpi
N2-LUAm1-1.8	N2	LUAm1	N.ferruginous	pulse-72H	1.8	rep3	1	N2.LUAm1.rep3	2	65212.63	3.63	2367.218469	72hpi
N2-LUAm1-1.8	N2	LUAm1	N.ferruginous	pulse-72H	1.8	rep3	1	N2.LUAm1.rep3	3	58795.83	2.87	1687.440321	72hpi
N2-LUAm1-1.8	N2	LUAm1	N.ferruginous	pulse-72H	1.8	rep3	1	N2.LUAm1.rep3	4	71614.59	6.59	4719.401481	72hpi
N2-LUAm1-1.8	N2	LUAm1	N.ferruginous	pulse-72H	1.8	rep3	1	N2.LUAm1.rep3	5	45492.27	7.62	3466.510974	72hpi
N2-LUAm1-1.8	N2	LUAm1	N.ferruginous	pulse-72H	1.8	rep3	1	N2.LUAm1.rep3	6	53864.71	0.01	5.386471	72hpi
N2-LUAm1-1.8	N2	LUAm1	N.ferruginous	pulse-72H	1.8	rep3	1	N2.LUAm1.rep3	7	56054.48	8.41	4714.181768	72hpi
N2-LUAm1-1.8	N2	LUAm1	N.ferruginous	pulse-72H	1.8	rep3	1	N2.LUAm1.rep3	8	52395.51	16.17	8472.353967	72hpi
N2-LUAm1-1.8	N2	LUAm1	N.ferruginous	pulse-72H	1.8	rep3	1	N2.LUAm1.rep3	9	67813.81	3.79	2570.143399	72hpi
N2-LUAm1-1.8	N2	LUAm1	N.ferruginous	pulse-72H	1.8	rep3	1	N2.LUAm1.rep3	10	57625.09	16.03	9237.301927	72hpi
N2-LUAm1-1.8	N2	LUAm1	N.ferruginous	pulse-72H	1.8	rep3	1	N2.LUAm1.rep3	11	48609.57	12.02	5842.870314	72hpi
N2-LUAm1-1.8	N2	LUAm1	N.ferruginous	pulse-72H	1.8	rep3	1	N2.LUAm1.rep3	12	62837.35	2.04	1281.88194	72hpi
N2-LUAm1-1.8	N2	LUAm1	N.ferruginous	pulse-72H	1.8	rep3	1	N2.LUAm1.rep3	13	48572.47	5.03	2443.195241	72hpi
N2-LUAm1-1.8	N2	LUAm1	N.ferruginous	pulse-72H	1.8	rep3	1	N2.LUAm1.rep3	14	43041.14	7.35	3163.52379	72hpi
N2-LUAm1-1.8	N2	LUAm1	N.ferruginous	pulse-72H	1.8	rep3	1	N2.LUAm1.rep3	15	53654.47	5.31	2849.052357	72hpi
N2-LUAm1-1.8	N2	LUAm1	N.ferruginous	pulse-72H	1.8	rep3	1	N2.LUAm1.rep3	16	53482.98	10.65	5695.93737	72hpi
N2-LUAm1-1.8	N2	LUAm1	N.ferruginous	pulse-72H	1.8	rep3	1	N2.LUAm1.rep3	17	52980.06	14.11	7475.486466	72hpi
N2-LUAm1-1.8	N2	LUAm1	N.ferruginous	pulse-72H	1.8	rep3	1	N2.LUAm1.rep3	18	56274.61	5.78	3252.672458	72hpi
N2-LUAm1-1.8	N2	LUAm1	N.ferruginous	pulse-72H	1.8	rep3	1	N2.LUAm1.rep3	19	57560.78	9.12	5249.543136	72hpi
N2-LUAm1-1.8	N2	LUAm1	N.ferruginous	pulse-72H	1.8	rep3	1	N2.LUAm1.rep3	20	52970.16	6.24	3305.337984	72hpi
N2-LUAm1-1.8	N2	LUAm1	N.ferruginous	pulse-72H	1.8	rep3	1	N2.LUAm1.rep3	21	54105.45	5.41	2927.104845	72hpi
N2-LUAm1-1.8	N2	LUAm1	N.ferruginous	pulse-72H	1.8	rep3	1	N2.LUAm1.rep3	22	54981.03	7.13	3920.147439	72hpi
N2-LUAm1-1.8	N2	LUAm1	N.ferruginous	pulse-72H	1.8	rep3	1	N2.LUAm1.rep3	23	51356.69	10.37	5325.688753	72hpi
N2-LUAm1-1.8	N2	LUAm1	N.ferruginous	pulse-72H	1.8	rep3	1	N2.LUAm1.rep3	24	55604.33	3.83	2129.645839	72hpi
N2-LUAm1-1.8	N2	LUAm1	N.ferruginous	pulse-72H	1.8	rep3	1	N2.LUAm1.rep3	25	59465.29	6.64	3948.495256	72hpi
N2-LUAm1-1.8	N2	LUAm1	N.ferruginous	pulse-72H	1.8	rep3	1	N2.LUAm1.rep3	26	56398.28	5.27	2972.189356	72hpi
N2-LUAm1-1.8	N2	LUAm1	N.ferruginous	pulse-72H	1.8	rep3	1	N2.LUAm1.rep3	27	54570.45	6.09	3323.340405	72hpi
N2-LUAm1-1.8	N2	LUAm1	N.ferruginous	pulse-72H	1.8	rep3	1	N2.LUAm1.rep3	28	64797.92	8.38	5430.065696	72hpi
N2-LUAm1-1.8	N2	LUAm1	N.ferruginous	pulse-72H	1.8	rep3	1	N2.LUAm1.rep3	29	50766.37	16.6	8427.21742	72hpi
N2-LUAm1-1.8	N2	LUAm1	N.ferruginous	pulse-72H	1.8	rep3	1	N2.LUAm1.rep3	30	61656.72	4.86	2996.516592	72hpi
N2-LUAm1-1.8	N2	LUAm1	N.ferruginous	pulse-72H	1.8	rep3	1	N2.LUAm1.rep3	31	54570.45	6.09	3323.340405	72hpi
N2-LUAm1-1.8	N2	LUAm1	N.ferruginous	pulse-72H	1.8	rep3	1	N2.LUAm1.rep3	32	55465.82	2.53	1403.285246	72hpi
N2-LUAm1-1.8	N2	LUAm1	N.ferruginous	pulse-72H	1.8	rep3	1	N2.LUAm1.rep3	33	48298.75	14.05	6785.974375	72hpi
N2-LUAm1-1.8	N2	LUAm1	N.ferruginous	pulse-72H	1.8	rep3	1	N2.LUAm1.rep3	34	46771.02	3.76	1758.590352	72hpi
N2-LUAm1-1.8	N2	LUAm1	N.ferruginous	pulse-72H	1.8	rep3	1	N2.LUAm1.rep3	35	45938.31	1.65	757.982115	72hpi
N2-LUAm1-1.8	N2	LUAm1	N.ferruginous	pulse-72H	1.8	rep3	1	N2.LUAm1.rep3	36	46672.91	14.33	6688.228003	72hpi
N2-LUAm1-1.8	N2	LUAm1	N.ferruginous	pulse-72H	1.8	rep3	1	N2.LUAm1.rep3	37	57606.95	12.6	7258.4757	72hpi
N2-LUAm1-1.8	N2	LUAm1	N.ferruginous	pulse-72H	1.8	rep3	1	N2.LUAm1.rep3	38	52217.43	20.91	10918.66461	72hpi
N2-LUAm1-1.8	N2	LUAm1	N.ferruginous	pulse-72H	1.8	rep3	1	N2.LUAm1.rep3	39	39418.45	11.87	4678.970015	72hpi
N2-LUAm1-1.8	N2	LUAm1	N.ferruginous	pulse-72H	1.8	rep3	1	N2.LUAm1.rep3	40	51755.73	1.05	543.435165	72hpi
JU1400-LUAm1-1.8	JU1400	LUAm1	N.ferruginous	pulse-72H	1.8	rep3	1	JU1400.LUAm1.rep3	1	51464.69	15.67	8064.516923	72hpi
JU1400-LUAm1-1.8	JU1400	LUAm1	N.ferruginous	pulse-72H	1.8	rep3	1	JU1400.LUAm1.rep3	2	29339.38	0	0	72hpi
JU1400-LUAm1-1.8	JU1400	LUAm1	N.ferruginous	pulse-72H	1.8	rep3	1	JU1400.LUAm1.rep3	3	38194.12	0	0	72hpi
JU1400-LUAm1-1.8	JU1400	LUAm1	N.ferruginous	pulse-72H	1.8	rep3	1	JU1400.LUAm1.rep3	4	55774.17	9.67	5393.362239	72hpi
JU1400-LUAm1-1.8	JU1400	LUAm1	N.ferruginous	pulse-72H	1.8	rep3	1	JU1400.LUAm1.rep3	5	59269.89	9.75	5778.814275	72hpi
JU1400-LUAm1-1.8	JU1400	LUAm1	N.ferruginous	pulse-72H	1.8	rep3	1	JU1400.LUAm1.rep3	6	46985.38	9.05	4252.17689	72hpi
JU1400-LUAm1-1.8	JU1400	LUAm1	N.ferruginous	pulse-72H	1.8	rep3	1	JU1400.LUAm1.rep3	7	24320.86	8.52	2072.137272	72hpi
JU1400-LUAm1-1.8	JU1400	LUAm1	N.ferruginous	pulse-72H	1.8	rep3	1	JU1400.LUAm1.rep3	8	53327.98	6.27	3343.664346	72hpi
JU1400-LUAm1-1.8	JU1400	LUAm1	N.ferruginous	pulse-72H	1.8	rep3	1	JU1400.LUAm1.rep3	9	54913.42	11.02	6051.458884	72hpi
JU1400-LUAm1-1.8	JU1400	LUAm1	N.ferruginous	pulse-72H	1.8	rep3	1	JU1400.LUAm1.rep3	10	30312.24	47.91	14522.59418	72hpi
JU1400-LUAm1-1.8	JU1400	LUAm1	N.ferruginous	pulse-72H	1.8	rep3	1	JU1400.LUAm1.rep3	11	29327.83	25.04	7343.688632	72hpi
JU1400-LUAm1-1.8	JU1400	LUAm1	N.ferruginous	pulse-72H	1.8	rep3	1	JU1400.LUAm1.rep3	12	40512.51	0	0	72hpi
JU1400-LUAm1-1.8	JU1400	LUAm1	N.ferruginous	pulse-72H	1.8	rep3	1	JU1400.LUAm1.rep3	13	55836	13.69	7643.9484	72hpi
JU1400-LUAm1-1.8	JU1400	LUAm1	N.ferruginous	pulse-72H	1.8	rep3	1	JU1400.LUAm1.rep3	14	61372.28	10.07	6180.188596	72hpi
JU1400-LUAm1-1.8	JU1400	LUAm1	N.ferruginous	pulse-72H	1.8	rep3	1	JU1400.LUAm1.rep3	15	27761.35	0	0	72hpi
JU1400-LUAm1-1.8	JU1400	LUAm1	N.ferruginous	pulse-72H	1.8	rep3	1	JU1400.LUAm1.rep3	16	24936.74	29.99	7478.528326	72hpi
JU1400-LUAm1-1.8	JU1400	LUAm1	N.ferruginous	pulse-72H	1.8	rep3	1	JU1400.LUAm1.rep3	17	25901.36	15.03	3892.974408	72hpi
JU1400-LUAm1-1.8	JU1400	LUAm1	N.ferruginous	pulse-72H	1.8	rep3	1	JU1400.LUAm1.rep3	18	28763.08	2.9	834.12932	72hpi
JU1400-LUAm1-1.8	JU1400	LUAm1	N.ferruginous	pulse-72H	1.8	rep3	1	JU1400.LUAm1.rep3	19	33034.62	23.24	7677.245688	72hpi
JU1400-LUAm1-1.8	JU1400	LUAm1	N.ferruginous	pulse-72H	1.8	rep3	1	JU1400.LUAm1.rep3	20	55777.46	0	0	72hpi
JU1400-LUAm1-1.8	JU1400	LUAm1	N.ferruginous	pulse-72H	1.8	rep3	1	JU1400.LUAm1.rep3	21	55720.57	8.7	4847.68959	72hpi
JU1400-LUAm1-1.8	JU1400	LUAm1	N.ferruginous	pulse-72H	1.8	rep3	1	JU1400.LUAm1.rep3	22	29763.15	0	0	72hpi
JU1400-LUAm1-1.8	JU1400	LUAm1	N.ferruginous	pulse-72H	1.8	rep3	1	JU1400.LUAm1.rep3	23	22609.28	40.88	9242.673664	72hpi
JU1400-LUAm1-1.8	JU1400	LUAm1	N.ferruginous	pulse-72H	1.8	rep3	1	JU1400.LUAm1.rep3	24	26527.95	22.16	5878.59372	72hpi
JU1400-LUAm1-1.8	JU1400	LUAm1	N.ferruginous	pulse-72H	1.8	rep3	1	JU1400.LUAm1.rep3	25	68223.57	8.31	5669.378667	72hpi
JU1400-LUAm1-1.8	JU1400	LUAm1	N.ferruginous	pulse-72H	1.8	rep3	1	JU1400.LUAm1.rep3	26	37585.66	3.19	1198.982554	72hpi
JU1400-LUAm1-1.8	JU1400	LUAm1	N.ferruginous	pulse-72H	1.8	rep3	1	JU1400.LUAm1.rep3	27	26683.78	3.22	859.217716	72hpi
JU1400-LUAm1-1.8	JU1400	LUAm1	N.ferruginous	pulse-72H	1.8	rep3	1	JU1400.LUAm1.rep3	28	32661.97	18.28	5970.608116	72hpi
JU1400-LUAm1-1.8	JU1400	LUAm1	N.ferruginous	pulse-72H	1.8	rep3	1	JU1400.LUAm1.rep3	29	25782.64	14.78	3810.674192	72hpi
AWR144-LUAm1-1.8	AWR144	LUAm1	N.ferruginous	pulse-72H	1.8	rep3	1	AWR144.LUAm1.rep3	1	57824.61	0	0	72hpi
AWR144-LUAm1-1.8	AWR144	LUAm1	N.ferruginous	pulse-72H	1.8	rep3	1	AWR144.LUAm1.rep3	2	73415.22	2.06	1512.353532	72hpi
AWR144-LUAm1-1.8	AWR144	LUAm1	N.ferruginous	pulse-72H	1.8	rep3	1	AWR144.LUAm1.rep3	3	58170.88	9.15	5322.63552	72hpi
AWR144-LUAm1-1.8	AWR144	LUAm1	N.ferruginous	pulse-72H	1.8	rep3	1	AWR144.LUAm1.rep3	4	67080.04	4.83	3239.965932	72hpi
AWR144-LUAm1-1.8	AWR144	LUAm1	N.ferruginous	pulse-72H	1.8	rep3	1	AWR144.LUAm1.rep3	5	68572.32	3.56	2441.174592	72hpi
AWR144-LUAm1-1.8	AWR144	LUAm1	N.ferruginous	pulse-72H	1.8	rep3	1	AWR144.LUAm1.rep3	6	65683.4	8.05	5287.5137	72hpi
AWR144-LUAm1-1.8	AWR144	LUAm1	N.ferruginous	pulse-72H	1.8	rep3	1	AWR144.LUAm1.rep3	7	60133.11	5.23	3144.961653	72hpi
AWR144-LUAm1-1.8	AWR144	LUAm1	N.ferruginous	pulse-72H	1.8	rep3	1	AWR144.LUAm1.rep3	8	60823.18	0	0	72hpi
AWR144-LUAm1-1.8	AWR144	LUAm1	N.ferruginous	pulse-72H	1.8	rep3	1	AWR144.LUAm1.rep3	9	66092.33	5.56	3674.733548	72hpi
AWR144-LUAm1-1.8	AWR144	LUAm1	N.ferruginous	pulse-72H	1.8	rep3	1	AWR144.LUAm1.rep3	10	63923.17	2.46	1572.509982	72hpi
AWR144-LUAm1-1.8	AWR144	LUAm1	N.ferruginous	pulse-72H	1.8	rep3	1	AWR144.LUAm1.rep3	11	63050.88	7.09	4470.307392	72hpi
AWR144-LUAm1-1.8	AWR144	LUAm1	N.ferruginous	pulse-72H	1.8	rep3	1	AWR144.LUAm1.rep3	12	78141.05	2.33	1820.686465	72hpi
AWR144-LUAm1-1.8	AWR144	LUAm1	N.ferruginous	pulse-72H	1.8	rep3	1	AWR144.LUAm1.rep3	13	72130.71	8.88	6405.207048	72hpi
AWR144-LUAm1-1.8	AWR144	LUAm1	N.ferruginous	pulse-72H	1.8	rep3	1	AWR144.LUAm1.rep3	14	82570.07	2.09	1725.714463	72hpi
AWR144-LUAm1-1.8	AWR144	LUAm1	N.ferruginous	pulse-72H	1.8	rep3	1	AWR144.LUAm1.rep3	15	71781.96	2.09	1500.242964	72hpi
AWR144-LUAm1-1.8	AWR144	LUAm1	N.ferruginous	pulse-72H	1.8	rep3	1	AWR144.LUAm1.rep3	16	60953.45	0	0	72hpi
AWR144-LUAm1-1.8	AWR144	LUAm1	N.ferruginous	pulse-72H	1.8	rep3	1	AWR144.LUAm1.rep3	17	52659.34	1.39	731.964826	72hpi
AWR144-LUAm1-1.8	AWR144	LUAm1	N.ferruginous	pulse-72H	1.8	rep3	1	AWR144.LUAm1.rep3	18	65876.32	9.49	6251.662768	72hpi
AWR144-LUAm1-1.8	AWR144	LUAm1	N.ferruginous	pulse-72H	1.8	rep3	1	AWR144.LUAm1.rep3	19	66382.54	2.42	1606.457468	72hpi
AWR144-LUAm1-1.8	AWR144	LUAm1	N.ferruginous	pulse-72H	1.8	rep3	1	AWR144.LUAm1.rep3	20	55153.34	11.66	6430.879444	72hpi
AWR144-LUAm1-1.8	AWR144	LUAm1	N.ferruginous	pulse-72H	1.8	rep3	1	AWR144.LUAm1.rep3	21	59721.7	0	0	72hpi
AWR144-LUAm1-1.8	AWR144	LUAm1	N.ferruginous	pulse-72H	1.8	rep3	1	AWR144.LUAm1.rep3	22	68558.3	6.62	4538.55946	72hpi
AWR144-LUAm1-1.8	AWR144	LUAm1	N.ferruginous	pulse-72H	1.8	rep3	1	AWR144.LUAm1.rep3	23	58236.01	8.77	5107.298077	72hpi
AWR144-LUAm1-1.8	AWR144	LUAm1	N.ferruginous	pulse-72H	1.8	rep3	1	AWR144.LUAm1.rep3	24	55735.42	18.66	10400.22937	72hpi
AWR144-LUAm1-1.8	AWR144	LUAm1	N.ferruginous	pulse-72H	1.8	rep3	1	AWR144.LUAm1.rep3	25	66422.94	7.24	4809.020856	72hpi
AWR144-LUAm1-1.8	AWR144	LUAm1	N.ferruginous	pulse-72H	1.8	rep3	1	AWR144.LUAm1.rep3	26	63118.49	4.85	3061.246765	72hpi
AWR144-LUAm1-1.8	AWR144	LUAm1	N.ferruginous	pulse-72H	1.8	rep3	1	AWR144.LUAm1.rep3	27	51857.14	7.6	3941.14264	72hpi
AWR144-LUAm1-1.8	AWR144	LUAm1	N.ferruginous	pulse-72H	1.8	rep3	1	AWR144.LUAm1.rep3	28	65092.26	1.85	1204.20681	72hpi
AWR144-LUAm1-1.8	AWR144	LUAm1	N.ferruginous	pulse-72H	1.8	rep3	1	AWR144.LUAm1.rep3	29	64205.96	0	0	72hpi
AWR144-LUAm1-1.8	AWR144	LUAm1	N.ferruginous	pulse-72H	1.8	rep3	1	AWR144.LUAm1.rep3	30	58181.6	3	1745.448	72hpi
AWR144-LUAm1-1.8	AWR144	LUAm1	N.ferruginous	pulse-72H	1.8	rep3	1	AWR144.LUAm1.rep3	31	58506.44	3.29	1924.861876	72hpi
AWR144-LUAm1-1.8	AWR144	LUAm1	N.ferruginous	pulse-72H	1.8	rep3	1	AWR144.LUAm1.rep3	32	64278.51	0	0	72hpi
AWR144-LUAm1-1.8	AWR144	LUAm1	N.ferruginous	pulse-72H	1.8	rep3	1	AWR144.LUAm1.rep3	33	70699.44	6.94	4906.541136	72hpi
AWR144-LUAm1-1.8	AWR144	LUAm1	N.ferruginous	pulse-72H	1.8	rep3	1	AWR144.LUAm1.rep3	34	65609.2	3.33	2184.78636	72hpi
AWR145-LUAm1-1.8	AWR145	LUAm1	N.ferruginous	pulse-72H	1.8	rep3	1	AWR145.LUAm1.rep3	1	59773.64	7.16	4279.792624	72hpi
AWR145-LUAm1-1.8	AWR145	LUAm1	N.ferruginous	pulse-72H	1.8	rep3	1	AWR145.LUAm1.rep3	2	77479.83	0	0	72hpi
AWR145-LUAm1-1.8	AWR145	LUAm1	N.ferruginous	pulse-72H	1.8	rep3	1	AWR145.LUAm1.rep3	3	59600.5	3.22	1919.1361	72hpi
AWR145-LUAm1-1.8	AWR145	LUAm1	N.ferruginous	pulse-72H	1.8	rep3	1	AWR145.LUAm1.rep3	4	56117.14	0	0	72hpi
AWR145-LUAm1-1.8	AWR145	LUAm1	N.ferruginous	pulse-72H	1.8	rep3	1	AWR145.LUAm1.rep3	5	58292.9	0	0	72hpi
AWR145-LUAm1-1.8	AWR145	LUAm1	N.ferruginous	pulse-72H	1.8	rep3	1	AWR145.LUAm1.rep3	6	52932.24	9.26	4901.525424	72hpi
AWR145-LUAm1-1.8	AWR145	LUAm1	N.ferruginous	pulse-72H	1.8	rep3	1	AWR145.LUAm1.rep3	7	67427.14	3.15	2123.95491	72hpi
AWR145-LUAm1-1.8	AWR145	LUAm1	N.ferruginous	pulse-72H	1.8	rep3	1	AWR145.LUAm1.rep3	8	77819.51	8.37	6513.492987	72hpi
AWR145-LUAm1-1.8	AWR145	LUAm1	N.ferruginous	pulse-72H	1.8	rep3	1	AWR145.LUAm1.rep3	9	62653.49	1.71	1071.374679	72hpi
AWR145-LUAm1-1.8	AWR145	LUAm1	N.ferruginous	pulse-72H	1.8	rep3	1	AWR145.LUAm1.rep3	10	54862.31	17.2	9436.31732	72hpi
AWR145-LUAm1-1.8	AWR145	LUAm1	N.ferruginous	pulse-72H	1.8	rep3	1	AWR145.LUAm1.rep3	11	60814.94	5.71	3472.533074	72hpi
AWR145-LUAm1-1.8	AWR145	LUAm1	N.ferruginous	pulse-72H	1.8	rep3	1	AWR145.LUAm1.rep3	12	63269.37	5.34	3378.584358	72hpi
AWR145-LUAm1-1.8	AWR145	LUAm1	N.ferruginous	pulse-72H	1.8	rep3	1	AWR145.LUAm1.rep3	13	53168.03	9.73	5173.249319	72hpi
AWR145-LUAm1-1.8	AWR145	LUAm1	N.ferruginous	pulse-72H	1.8	rep3	1	AWR145.LUAm1.rep3	14	69381.12	7.43	5155.017216	72hpi
AWR145-LUAm1-1.8	AWR145	LUAm1	N.ferruginous	pulse-72H	1.8	rep3	1	AWR145.LUAm1.rep3	15	56057.78	3.21	1799.454738	72hpi
AWR145-LUAm1-1.8	AWR145	LUAm1	N.ferruginous	pulse-72H	1.8	rep3	1	AWR145.LUAm1.rep3	16	67864.93	0	0	72hpi
AWR145-LUAm1-1.8	AWR145	LUAm1	N.ferruginous	pulse-72H	1.8	rep3	1	AWR145.LUAm1.rep3	17	72956.82	2.86	2086.565052	72hpi
AWR145-LUAm1-1.8	AWR145	LUAm1	N.ferruginous	pulse-72H	1.8	rep3	1	AWR145.LUAm1.rep3	18	68312.61	0	0	72hpi
AWR145-LUAm1-1.8	AWR145	LUAm1	N.ferruginous	pulse-72H	1.8	rep3	1	AWR145.LUAm1.rep3	19	64412.9	2.78	1790.67862	72hpi
AWR145-LUAm1-1.8	AWR145	LUAm1	N.ferruginous	pulse-72H	1.8	rep3	1	AWR145.LUAm1.rep3	20	43678.45	16.5	7206.94425	72hpi
AWR145-LUAm1-1.8	AWR145	LUAm1	N.ferruginous	pulse-72H	1.8	rep3	1	AWR145.LUAm1.rep3	21	64453.3	0	0	72hpi
AWR145-LUAm1-1.8	AWR145	LUAm1	N.ferruginous	pulse-72H	1.8	rep3	1	AWR145.LUAm1.rep3	22	61819.14	3.78	2336.763492	72hpi
AWR145-LUAm1-1.8	AWR145	LUAm1	N.ferruginous	pulse-72H	1.8	rep3	1	AWR145.LUAm1.rep3	23	47595.48	16.84	8015.078832	72hpi
AWR145-LUAm1-1.8	AWR145	LUAm1	N.ferruginous	pulse-72H	1.8	rep3	1	AWR145.LUAm1.rep3	24	55545.79	8.58	4765.828782	72hpi
AWR145-LUAm1-1.8	AWR145	LUAm1	N.ferruginous	pulse-72H	1.8	rep3	1	AWR145.LUAm1.rep3	25	55621.64	0	0	72hpi
AWR145-LUAm1-1.8	AWR145	LUAm1	N.ferruginous	pulse-72H	1.8	rep3	1	AWR145.LUAm1.rep3	26	59551.86	12.86	7658.369196	72hpi
AWR145-LUAm1-1.8	AWR145	LUAm1	N.ferruginous	pulse-72H	1.8	rep3	1	AWR145.LUAm1.rep3	27	55840.12	3.2	1786.88384	72hpi
AWR145-LUAm1-1.8	AWR145	LUAm1	N.ferruginous	pulse-72H	1.8	rep3	1	AWR145.LUAm1.rep3	28	68797.4	0	0	72hpi
AWR145-LUAm1-1.8	AWR145	LUAm1	N.ferruginous	pulse-72H	1.8	rep3	1	AWR145.LUAm1.rep3	29	67590.38	0	0	72hpi
AWR145-LUAm1-1.8	AWR145	LUAm1	N.ferruginous	pulse-72H	1.8	rep3	1	AWR145.LUAm1.rep3	30	58370.4	10.48	6117.21792	72hpi
AWR145-LUAm1-1.8	AWR145	LUAm1	N.ferruginous	pulse-72H	1.8	rep3	1	AWR145.LUAm1.rep3	31	56164.14	3.06	1718.622684	72hpi
AWR145-LUAm1-1.8	AWR145	LUAm1	N.ferruginous	pulse-72H	1.8	rep3	1	AWR145.LUAm1.rep3	32	69216.23	5	3460.8115	72hpi
AWR145-LUAm1-1.8	AWR145	LUAm1	N.ferruginous	pulse-72H	1.8	rep3	1	AWR145.LUAm1.rep3	33	57836.97	5.29	3059.575713	72hpi
AWR145-LUAm1-1.8	AWR145	LUAm1	N.ferruginous	pulse-72H	1.8	rep3	1	AWR145.LUAm1.rep3	34	68277.16	3.2	2184.86912	72hpi
AWR145-LUAm1-1.8	AWR145	LUAm1	N.ferruginous	pulse-72H	1.8	rep3	1	AWR145.LUAm1.rep3	35	68668.78	2.82	1936.459596	72hpi
AWR145-LUAm1-1.8	AWR145	LUAm1	N.ferruginous	pulse-72H	1.8	rep3	1	AWR145.LUAm1.rep3	36	71278.21	3.16	2252.391436	72hpi
AWR145-LUAm1-1.8	AWR145	LUAm1	N.ferruginous	pulse-72H	1.8	rep3	1	AWR145.LUAm1.rep3	37	52552.98	9.46	4971.511908	72hpi
AWR145-LUAm1-1.8	AWR145	LUAm1	N.ferruginous	pulse-72H	1.8	rep3	1	AWR145.LUAm1.rep3	38	63491.97	11.16	7085.703852	72hpi
AWR145-LUAm1-1.8	AWR145	LUAm1	N.ferruginous	pulse-72H	1.8	rep3	1	AWR145.LUAm1.rep3	39	56438.68	8.5	4797.2878	72hpi
AWR145-LUAm1-1.8	AWR145	LUAm1	N.ferruginous	pulse-72H	1.8	rep3	1	AWR145.LUAm1.rep3	40	60856.99	3.47	2111.737553	72hpi
AWR145-LUAm1-1.8	AWR145	LUAm1	N.ferruginous	pulse-72H	1.8	rep3	1	AWR145.LUAm1.rep3	41	62453.15	3.12	1948.53828	72hpi
